{"weights": [1.808658079552395, 1.1753000646955427, -1.0990890778293951, -1.0990890778293951, 0.9170598015179063, 1.3351947857371906, 1.46659961046015, -0.7967858039701693], "bias": 327.502375}